avearge_WindSpeed_prediction,avearge_WindDirectionCos_prediction,avearge_WindDirectionSin_prediction,da_AirTemperature_prediction,da_AirHumidity_prediction,da_AirPressure_prediction,real_WindPower
0.33324937,0.834565303,0.108994433,0.093023256,0.642857143,0,0.302447491
0.325188917,0.828029515,0.103081061,0.093023256,0.642857143,0,0.304804993
0.33324937,0.828029515,0.103081061,0.093023256,0.642857143,0,0.394889984
0.349748111,0.828029515,0.103081061,0.093023256,0.642857143,0,0.321587486
0.349748111,0.821393805,0.097285239,0.093023256,0.642857143,0,0.340717507
0.357808564,0.821393805,0.097285239,0.093023256,0.642857143,0,0.294932499
0.365869018,0.821393805,0.097285239,0.093023256,0.642857143,0,0.249427242
0.373929471,0.814660196,0.091608733,0.069767442,0.714285714,0,0.259960003
0.390302267,0.814660196,0.091608733,0.069767442,0.714285714,0,0.287469998
0.398236776,0.814660196,0.091608733,0.069767442,0.714285714,0,0.294720001
0.406423174,0.821393805,0.097285239,0.069767442,0.714285714,0,0.273512497
0.42279597,0.821393805,0.097285239,0.069767442,0.642857143,0,0.277772503
0.430982368,0.821393805,0.097285239,0.069767442,0.642857143,0,0.331945
0.447103275,0.828029515,0.103081061,0.069767442,0.642857143,0,0.33949501
0.447103275,0.834565303,0.108994433,0.069767442,0.642857143,0,0.384357491
0.447103275,0.84099918,0.115023553,0.093023256,0.571428571,0,0.46757
0.447103275,0.847329185,0.121166585,0.093023256,0.571428571,0,0.592319985
0.439042821,0.847329185,0.121166585,0.093023256,0.571428571,0,0.592980003
0.430982368,0.8596699,0.133786868,0.093023256,0.571428571,0,0.542897492
0.42279597,0.8596699,0.133786868,0.069767442,0.642857143,0.166666667,0.568672485
0.414609572,0.865676851,0.140260273,0.069767442,0.642857143,0.166666667,0.540927506
0.406423174,0.87735479,0.153523754,0.069767442,0.642857143,0.166666667,0.503827515
0.398236776,0.87735479,0.153523754,0.069767442,0.642857143,0.166666667,0.494480018
0.390302267,0.883022222,0.160309789,0.069767442,0.642857143,0.166666667,0.450665016
0.390302267,0.888572981,0.167195942,0.069767442,0.642857143,0.166666667,0.428587494
0.373929471,0.894005377,0.174180115,0.069767442,0.642857143,0.166666667,0.378602486
0.365869018,0.899317755,0.18126018,0.069767442,0.642857143,0.166666667,0.402767487
0.365869018,0.914518787,0.203054022,0.046511628,0.714285714,0.333333333,0.43050499
0.357808564,0.919335284,0.210495808,0.046511628,0.714285714,0.333333333,0.443422508
0.349748111,0.928583651,0.225631578,0.046511628,0.714285714,0.333333333,0.394037514
0.341435768,0.933012702,0.233320952,0.023255814,0.714285714,0.333333333,0.349314995
0.341435768,0.941473797,0.248930967,0.023255814,0.714285714,0.333333333,0.332227516
0.33324937,0.945503262,0.256846853,0,0.714285714,0.333333333,0.270537491
0.33324937,0.956772729,0.281009027,0,0.714285714,0.333333333,0.18265274
0.341435768,0.960252427,0.289193079,0.023255814,0.714285714,0.333333333,0.256520004
0.341435768,0.963591928,0.29743799,0.023255814,0.642857143,0.5,0.268260002
0.349748111,0.966790213,0.305741247,0.046511628,0.642857143,0.5,0.268145008
0.341435768,0.96984631,0.314100322,0.046511628,0.642857143,0.5,0.253705006
0.349748111,0.972759288,0.322512669,0.069767442,0.571428571,0.5,0.196706505
0.357808564,0.975528258,0.330975724,0.093023256,0.571428571,0.5,0.198651257
0.365869018,0.975528258,0.330975724,0.11627907,0.5,0.5,0.207970505
0.365869018,0.978152378,0.33948691,0.11627907,0.5,0.5,0.300492497
0.349748111,0.982962913,0.356643292,0.11627907,0.5,0.5,0.314925003
0.341435768,0.982962913,0.356643292,0.139534884,0.428571429,0.5,0.256897507
0.325188917,0.987185033,0.373960911,0.139534884,0.428571429,0.5,0.234123993
0.308942066,0.9890738,0.382673598,0.139534884,0.428571429,0.5,0.222332001
0.292821159,0.992403877,0.400193458,0.162790698,0.428571429,0.5,0.153243246
0.284634761,0.993844171,0.408995295,0.162790698,0.357142857,0.5,0.175102253
0.260075567,0.996273076,0.426669375,0.186046512,0.357142857,0.5,0.191197491
0.243828715,0.998097349,0.444419377,0.186046512,0.357142857,0.5,0.242624741
0.227707809,0.999314768,0.462223675,0.186046512,0.357142857,0.5,0.293902493
0.211335013,1,0.488984464,0.209302326,0.285714286,0.333333333,0.319677506
0.195088161,0.999923848,0.497908351,0.209302326,0.285714286,0.333333333,0.296410008
0.186901763,0.998782025,0.524652834,0.209302326,0.285714286,0.333333333,0.289185009
0.186901763,0.997260948,0.542432692,0.209302326,0.285714286,0.333333333,0.243363991
0.195088161,0.996273076,0.551299552,0.209302326,0.285714286,0.333333333,0.188575249
0.195088161,0.995134035,0.560147431,0.209302326,0.285714286,0.333333333,0.1691185
0.203274559,0.992403877,0.57777547,0.209302326,0.285714286,0.333333333,0.120084753
0.203274559,0.9890738,0.59529533,0.209302326,0.285714286,0.333333333,0.090675249
0.203274559,0.978152378,0.638482017,0.186046512,0.357142857,0.333333333,0.048875251
0.203274559,0.972759288,0.655456259,0.186046512,0.357142857,0.333333333,0.0074624
0.203274559,0.963591928,0.680530938,0.186046512,0.357142857,0.333333333,0
0.203274559,0.953153894,0.705080601,0.186046512,0.357142857,0.333333333,0
0.195088161,0.937309854,0.736880723,0.186046512,0.357142857,0.166666667,0
0.195088161,0.924024048,0.759946503,0.186046512,0.357142857,0.166666667,0
0.195088161,0.904508497,0.789534947,0.186046512,0.357142857,0.166666667,0
0.186901763,0.87735479,0.824445174,0.186046512,0.357142857,0.166666667,0
0.178715365,0.8596699,0.84418206,0.186046512,0.357142857,0.333333333,0
0.170654912,0.828029515,0.874887866,0.186046512,0.357142857,0.333333333,0
0.178715365,0.800907512,0.897348381,0.186046512,0.357142857,0.333333333,0
0.170654912,0.764959632,0.922614372,0.186046512,0.357142857,0.333333333,0
0.170654912,0.72699525,0.944580177,0.186046512,0.357142857,0.333333333,0
0.170654912,0.687303297,0.963078624,0.186046512,0.357142857,0.333333333,0
0.162594458,0.637818678,0.980503545,0.186046512,0.357142857,0.333333333,0
0.170654912,0.595404498,0.990916969,0.162790698,0.357142857,0.333333333,0
0.162594458,0.552264232,0.997510383,0.162790698,0.428571429,0.5,0
0.170654912,0.517449749,1,0.139534884,0.428571429,0.5,0
0.162594458,0.473832022,0.999610731,0.139534884,0.428571429,0.5,0
0.154534005,0.43041345,0.995335287,0.11627907,0.428571429,0.5,0
0.154534005,0.387524473,0.987206208,0.11627907,0.5,0.5,0
0.154534005,0.345491503,0.975285361,0.093023256,0.5,0.5,0
0.154534005,0.304634436,0.95966347,0.093023256,0.5,0.5,0
0.162594458,0.25759519,0.936201155,0.093023256,0.5,0.5,0
0.162594458,0.220403549,0.912893778,0.11627907,0.5,0.666666667,0
0.178715365,0.178606195,0.880683688,0.11627907,0.5,0.666666667,0
0.186901763,0.15900082,0.862945375,0.11627907,0.5,0.666666667,0
0.170654912,0.14644661,0.850547269,0.11627907,0.5,0.666666667,0
0.170654912,0.134323149,0.837708655,0.11627907,0.5,0.666666667,0
0.162594458,0.12264521,0.824445174,0.11627907,0.5,0.666666667,0
0.154534005,0.105994623,0.803788813,0.11627907,0.5,0.666666667,0.01738
0.146221662,0.100682245,0.796708748,0.139534884,0.5,0.666666667,0.027306499
0.146221662,0.080664716,0.76747312,0.139534884,0.428571429,0.666666667,0.0108328
0.138161209,0.075975952,0.759946503,0.162790698,0.428571429,0.666666667,0
0.138161209,0.058526204,0.72903796,0.162790698,0.428571429,0.666666667,0.019712
0.138161209,0.043227271,0.696959901,0.186046512,0.357142857,0.666666667,0.064460001
0.146221662,0.03015369,0.663868605,0.209302326,0.357142857,0.666666667,0.078337498
0.390302267,0.001217975,0.453316094,0.302325581,0.285714286,0.5,0.079481502
0.390302267,0.001217975,0.453316094,0.302325581,0.285714286,0.5,0.09104475
0.373929471,0.001902651,0.444419377,0.325581395,0.214285714,0.5,0.061564751
0.373929471,0.003726924,0.426669375,0.325581395,0.142857143,0.666666667,0.027764001
0.357808564,0.00615583,0.408995295,0.348837209,0.071428571,0.666666667,0.0181016
0.341435768,0.007596123,0.400193458,0.348837209,0.142857143,0.666666667,0.0231616
0.316876574,0.009186409,0.391418668,0.348837209,0.214285714,0.666666667,0.047009501
0.292821159,0.0109262,0.382673598,0.325581395,0.285714286,0.666666667,0.0521665
0.268261965,0.014852137,0.365283261,0.325581395,0.357142857,0.666666667,0.04233675
0.260075567,0.014852137,0.365283261,0.325581395,0.428571429,0.666666667,0.031961501
0.260075567,0.014852137,0.365283261,0.302325581,0.5,0.666666667,0.02464
0.243828715,0.012814967,0.373960911,0.302325581,0.571428571,0.666666667,0.028494501
0.235768262,0.014852137,0.365283261,0.279069767,0.642857143,0.666666667,0.0338535
0.227707809,0.014852137,0.365283261,0.279069767,0.714285714,0.666666667,0.044686499
0.211335013,0.017037087,0.356643292,0.279069767,0.714285714,0.666666667,0.0353585
0.203274559,0.014852137,0.365283261,0.279069767,0.714285714,0.666666667,0.045672002
0.186901763,0.014852137,0.365283261,0.279069767,0.714285714,0.666666667,0.065304751
0.170654912,0.017037087,0.356643292,0.279069767,0.714285714,0.666666667,0.061573501
0.162594458,0.019369152,0.348043635,0.279069767,0.714285714,0.666666667,0.034742501
0.146221662,0.017037087,0.356643292,0.279069767,0.714285714,0.666666667,0.0133496
0.138161209,0.017037087,0.356643292,0.279069767,0.714285714,0.666666667,0.0025344
0.121788413,0.019369152,0.348043635,0.279069767,0.714285714,0.666666667,0
0.11372796,0.017037087,0.356643292,0.279069767,0.714285714,0.666666667,0
0.097481108,0.019369152,0.348043635,0.279069767,0.785714286,0.666666667,0
0.089546599,0.017037087,0.356643292,0.279069767,0.785714286,0.666666667,0
0.081234257,0.012814967,0.373960911,0.279069767,0.785714286,0.666666667,0.016051199
0.06511335,0.00615583,0.408995295,0.279069767,0.785714286,0.666666667,0.028705499
0.06511335,0.003726924,0.426669375,0.302325581,0.714285714,0.833333333,0.01694
0.056801008,0.000304586,0.471139408,0.302325581,0.714285714,0.833333333,0
0.06511335,0,0.488984464,0.302325581,0.714285714,0.833333333,0
0.073047859,0.000304586,0.50682952,0.302325581,0.714285714,0.833333333,0
0.089546599,0.002739053,0.542432692,0.325581395,0.714285714,0.833333333,0
0.097481108,0.004865965,0.560147431,0.325581395,0.714285714,0.833333333,0
0.121788413,0.009186409,0.586550259,0.325581395,0.714285714,0.833333333,0
0.138161209,0.0109262,0.59529533,0.348837209,0.714285714,0.833333333,0
0.146221662,0.017037087,0.621325636,0.348837209,0.642857143,1,0
0.162594458,0.019369152,0.629925292,0.372093023,0.642857143,1,0.0029568
0.178715365,0.024471742,0.646993203,0.372093023,0.642857143,1,0.022140801
0.186901763,0.027240712,0.655456259,0.372093023,0.642857143,1,0.0628935
0.195088161,0.036408073,0.680530938,0.395348837,0.642857143,1,0.074676752
0.203274559,0.036408073,0.680530938,0.395348837,0.642857143,1,0.070664
0.211335013,0.046846106,0.705080601,0.395348837,0.642857143,1,0.094151249
0.211335013,0.058526204,0.72903796,0.395348837,0.642857143,1,0.058942499
0.219521411,0.075975952,0.759946503,0.372093023,0.714285714,1,0.060755248
0.219521411,0.090423978,0.782269595,0.372093023,0.714285714,1,0.062295251
0.227707809,0.100682245,0.796708748,0.372093023,0.714285714,1,0.089390497
0.251889169,0.100682245,0.796708748,0.372093023,0.714285714,1,0.102167997
0.268261965,0.100682245,0.796708748,0.395348837,0.785714286,0.833333333,0.093693504
0.292821159,0.100682245,0.796708748,0.395348837,0.785714286,0.833333333,0.059505501
0.308942066,0.100682245,0.796708748,0.395348837,0.785714286,0.833333333,0.057974501
0.316876574,0.095491503,0.789534947,0.395348837,0.785714286,0.833333333,0.095418501
0.325188917,0.095491503,0.789534947,0.418604651,0.714285714,0.833333333,0.135581503
0.325188917,0.090423978,0.782269595,0.418604651,0.714285714,0.833333333,0.130732746
0.33324937,0.095491503,0.789534947,0.418604651,0.714285714,0.833333333,0.1219065
0.33324937,0.105994623,0.803788813,0.418604651,0.714285714,0.833333333,0.118668003
0.349748111,0.116977779,0.817659139,0.395348837,0.785714286,0.833333333,0.095875998
0.357808564,0.128427588,0.831129024,0.395348837,0.785714286,0.833333333,0.106893501
0.373929471,0.134323149,0.837708655,0.395348837,0.785714286,0.833333333,0.111522503
0.390302267,0.1403301,0.84418206,0.395348837,0.785714286,0.833333333,0.116397495
0.414609572,0.14644661,0.850547269,0.395348837,0.785714286,0.666666667,0.109788752
0.430982368,0.152670815,0.856802342,0.395348837,0.785714286,0.666666667,0.140632753
0.463350126,0.14644661,0.850547269,0.395348837,0.785714286,0.666666667,0.170922508
0.487783375,0.1403301,0.84418206,0.395348837,0.785714286,0.666666667,0.13610075
0.520277078,0.1403301,0.84418206,0.395348837,0.714285714,0.666666667,0.174759254
0.544710327,0.1403301,0.84418206,0.395348837,0.714285714,0.666666667,0.185037746
0.560831234,0.134323149,0.837708655,0.395348837,0.714285714,0.666666667,0.159992752
0.577455919,0.128427588,0.831129024,0.395348837,0.714285714,0.666666667,0.212071247
0.593450882,0.12264521,0.824445174,0.395348837,0.714285714,0.666666667,0.216559258
0.609823678,0.116977779,0.817659139,0.395348837,0.714285714,0.666666667,0.219278259
0.617758186,0.11142702,0.810772986,0.395348837,0.714285714,0.666666667,0.229372005
0.617758186,0.105994623,0.803788813,0.395348837,0.714285714,0.666666667,0.271947498
0.617758186,0.105994623,0.803788813,0.372093023,0.785714286,0.666666667,0.327545014
0.626070529,0.100682245,0.796708748,0.372093023,0.785714286,0.666666667,0.36908001
0.634130982,0.095491503,0.789534947,0.372093023,0.785714286,0.666666667,0.366767502
0.642443325,0.090423978,0.782269595,0.372093023,0.785714286,0.666666667,0.372820015
0.658438287,0.080664716,0.76747312,0.348837209,0.857142857,0.833333333,0.400047493
0.66675063,0.075975952,0.759946503,0.348837209,0.857142857,0.833333333,0.468334999
0.66675063,0.07141635,0.752337349,0.348837209,0.857142857,0.833333333,0.477497482
0.66675063,0.066987298,0.744647975,0.348837209,0.785714286,0.833333333,0.43932251
0.650377834,0.066987298,0.744647975,0.372093023,0.785714286,0.833333333,0.37213501
0.650377834,0.066987298,0.744647975,0.372093023,0.714285714,0.833333333,0.341474991
0.642443325,0.062690146,0.736880723,0.372093023,0.714285714,0.833333333,0.338632507
0.634130982,0.058526204,0.72903796,0.372093023,0.714285714,0.833333333,0.36973999
0.634130982,0.050602977,0.713135477,0.372093023,0.714285714,0.833333333,0.403479996
0.626070529,0.046846106,0.705080601,0.372093023,0.714285714,0.833333333,0.406797485
0.626070529,0.046846106,0.705080601,0.372093023,0.714285714,0.833333333,0.398912506
0.617758186,0.043227271,0.696959901,0.372093023,0.714285714,0.833333333,0.400487518
0.609823678,0.043227271,0.696959901,0.372093023,0.714285714,1,0.396809997
0.60163728,0.039747574,0.688775848,0.372093023,0.714285714,1,0.333932495
0.60163728,0.036408073,0.680530938,0.372093023,0.714285714,1,0.360042496
0.593450882,0.033209787,0.672227681,0.372093023,0.714285714,1,0.370287514
0.585264484,0.033209787,0.672227681,0.372093023,0.714285714,1,0.35632
0.585264484,0.03015369,0.663868605,0.372093023,0.714285714,1,0.411337509
0.577455919,0.03015369,0.663868605,0.372093023,0.714285714,1,0.406595001
0.577455919,0.027240712,0.655456259,0.372093023,0.714285714,1,0.370769997
0.569143577,0.027240712,0.655456259,0.372093023,0.642857143,1,0.340084992
0.504156171,0.039747574,0.688775848,0.325581395,0.785714286,1,0.304137497
0.495843829,0.039747574,0.688775848,0.325581395,0.785714286,1,0.313869991
0.487783375,0.036408073,0.680530938,0.325581395,0.785714286,1,0.300027504
0.471536524,0.036408073,0.680530938,0.302325581,0.785714286,0.833333333,0.282892494
0.463350126,0.033209787,0.672227681,0.302325581,0.785714286,0.833333333,0.368894997
0.455289673,0.036408073,0.680530938,0.302325581,0.785714286,0.833333333,0.413370018
0.447103275,0.033209787,0.672227681,0.302325581,0.785714286,0.833333333,0.337955017
0.447103275,0.03015369,0.663868605,0.302325581,0.785714286,0.833333333,0.2673275
0.430982368,0.03015369,0.663868605,0.302325581,0.785714286,0.833333333,0.273020001
0.430982368,0.027240712,0.655456259,0.302325581,0.785714286,0.833333333,0.295634994
0.430982368,0.027240712,0.655456259,0.302325581,0.714285714,0.833333333,0.291227493
0.439042821,0.024471742,0.646993203,0.325581395,0.714285714,0.833333333,0.278150005
0.439042821,0.024471742,0.646993203,0.325581395,0.642857143,0.833333333,0.309812508
0.439042821,0.024471742,0.646993203,0.325581395,0.642857143,0.833333333,0.271744995
0.439042821,0.024471742,0.646993203,0.325581395,0.642857143,0.833333333,0.263929997
0.430982368,0.021847622,0.638482017,0.325581395,0.642857143,0.833333333,0.278512497
0.430982368,0.021847622,0.638482017,0.325581395,0.642857143,0.833333333,0.259282494
0.430982368,0.021847622,0.638482017,0.325581395,0.642857143,0.833333333,0.234150505
0.430982368,0.021847622,0.638482017,0.325581395,0.642857143,0.833333333,0.215380001
0.42279597,0.021847622,0.638482017,0.302325581,0.642857143,0.833333333,0.206967258
0.42279597,0.019369152,0.629925292,0.302325581,0.642857143,0.833333333,0.171608753
0.42279597,0.019369152,0.629925292,0.302325581,0.642857143,0.833333333,0.1972785
0.414609572,0.017037087,0.621325636,0.302325581,0.642857143,0.833333333,0.204379997
0.414609572,0.017037087,0.621325636,0.302325581,0.642857143,1,0.224664001
0.414609572,0.014852137,0.612685667,0.302325581,0.642857143,1,0.233235245
0.414609572,0.014852137,0.612685667,0.302325581,0.642857143,1,0.208454494
0.414609572,0.017037087,0.621325636,0.302325581,0.642857143,1,0.191576004
0.406423174,0.017037087,0.621325636,0.302325581,0.642857143,1,0.152732754
0.414609572,0.019369152,0.629925292,0.302325581,0.642857143,1,0.153163996
0.414609572,0.021847622,0.638482017,0.302325581,0.642857143,1,0.136681499
0.42279597,0.024471742,0.646993203,0.302325581,0.642857143,1,0.136804752
0.430982368,0.024471742,0.646993203,0.302325581,0.642857143,1,0.112472754
0.439042821,0.027240712,0.655456259,0.302325581,0.642857143,1,0.103338499
0.439042821,0.03015369,0.663868605,0.302325581,0.642857143,1,0.122971249
0.447103275,0.03015369,0.663868605,0.302325581,0.642857143,1,0.128867254
0.455289673,0.033209787,0.672227681,0.325581395,0.571428571,1,0.129272003
0.455289673,0.036408073,0.680530938,0.325581395,0.571428571,1,0.133988752
0.463350126,0.036408073,0.680530938,0.348837209,0.571428571,1,0.150304003
0.463350126,0.036408073,0.680530938,0.372093023,0.5,1,0.193133507
0.463350126,0.033209787,0.672227681,0.395348837,0.5,1,0.234625492
0.463350126,0.033209787,0.672227681,0.418604651,0.428571429,1,0.261017494
0.463350126,0.033209787,0.672227681,0.418604651,0.428571429,1,0.261412506
0.463350126,0.036408073,0.680530938,0.441860465,0.357142857,1,0.245449505
0.463350126,0.036408073,0.680530938,0.465116279,0.357142857,1,0.272077503
0.455289673,0.039747574,0.688775848,0.488372093,0.285714286,1,0.25126751
0.463350126,0.046846106,0.705080601,0.488372093,0.285714286,1,0.289775009
0.471536524,0.054496738,0.721122075,0.488372093,0.285714286,1,0.293417492
0.487783375,0.062690146,0.736880723,0.488372093,0.285714286,1,0.252427502
0.495843829,0.07141635,0.752337349,0.488372093,0.285714286,1,0.249506493
0.512342569,0.080664716,0.76747312,0.488372093,0.357142857,1,0.244824753
0.528463476,0.090423978,0.782269595,0.465116279,0.428571429,1,0.230674496
0.544710327,0.100682245,0.796708748,0.441860465,0.5,1,0.210768757
0.552896725,0.105994623,0.803788813,0.418604651,0.571428571,1,0.210742493
0.569143577,0.116977779,0.817659139,0.418604651,0.571428571,1,0.202127247
0.585264484,0.12264521,0.824445174,0.418604651,0.571428571,1,0.230234509
0.593450882,0.134323149,0.837708655,0.395348837,0.642857143,0.833333333,0.273980007
0.60163728,0.1403301,0.84418206,0.395348837,0.642857143,0.833333333,0.275157509
0.617758186,0.1403301,0.84418206,0.395348837,0.642857143,0.833333333,0.288939991
0.634130982,0.14644661,0.850547269,0.395348837,0.642857143,0.833333333,0.291887493
0.650377834,0.14644661,0.850547269,0.395348837,0.642857143,0.666666667,0.301504994
0.66675063,0.14644661,0.850547269,0.395348837,0.642857143,0.666666667,0.306142502
0.682997481,0.14644661,0.850547269,0.395348837,0.642857143,0.666666667,0.321797485
0.699118388,0.14644661,0.850547269,0.395348837,0.642857143,0.666666667,0.345665016
0.715239295,0.1403301,0.84418206,0.395348837,0.642857143,0.666666667,0.335842514
0.723425693,0.1403301,0.84418206,0.395348837,0.642857143,0.666666667,0.336327515
0.73186398,0.1403301,0.84418206,0.395348837,0.642857143,0.666666667,0.330282516
0.73186398,0.134323149,0.837708655,0.395348837,0.642857143,0.666666667,0.343165016
0.739798489,0.134323149,0.837708655,0.395348837,0.642857143,0.666666667,0.339027481
0.739798489,0.128427588,0.831129024,0.395348837,0.642857143,0.666666667,0.363219986
0.739798489,0.128427588,0.831129024,0.395348837,0.642857143,0.666666667,0.38236
0.739798489,0.12264521,0.824445174,0.395348837,0.642857143,0.666666667,0.404360008
0.739798489,0.12264521,0.824445174,0.395348837,0.642857143,0.666666667,0.410369988
0.747984886,0.116977779,0.817659139,0.395348837,0.642857143,0.666666667,0.453720016
0.747984886,0.11142702,0.810772986,0.395348837,0.642857143,0.666666667,0.5084375
0.756171285,0.105994623,0.803788813,0.395348837,0.642857143,0.666666667,0.513525009
0.764231738,0.100682245,0.796708748,0.395348837,0.571428571,0.666666667,0.527594986
0.772544081,0.095491503,0.789534947,0.395348837,0.571428571,0.666666667,0.578230019
0.772544081,0.085481214,0.774914906,0.395348837,0.571428571,0.666666667,0.600900002
0.788539043,0.080664716,0.76747312,0.395348837,0.571428571,0.666666667,0.634780007
0.796725441,0.075975952,0.759946503,0.395348837,0.571428571,0.833333333,0.696484985
0.813098237,0.07141635,0.752337349,0.395348837,0.571428571,0.833333333,0.702285004
0.82115869,0.062690146,0.736880723,0.395348837,0.571428571,0.833333333,0.678929978
0.829219143,0.062690146,0.736880723,0.418604651,0.571428571,0.833333333,0.675197525
0.837531486,0.058526204,0.72903796,0.418604651,0.5,0.833333333,0.596552505
0.837531486,0.054496738,0.721122075,0.441860465,0.5,0.833333333,0.594027481
0.837531486,0.050602977,0.713135477,0.441860465,0.5,0.833333333,0.60382
0.837531486,0.046846106,0.705080601,0.441860465,0.5,0.833333333,0.581467514
0.837531486,0.046846106,0.705080601,0.441860465,0.428571429,0.833333333,0.588227501
0.837531486,0.043227271,0.696959901,0.441860465,0.428571429,0.833333333,0.570634995
0.829219143,0.039747574,0.688775848,0.441860465,0.428571429,0.833333333,0.596542511
0.82115869,0.036408073,0.680530938,0.441860465,0.428571429,0.833333333,0.566534996
0.813098237,0.03015369,0.663868605,0.441860465,0.428571429,0.833333333,0.547332497
0.813098237,0.03015369,0.663868605,0.441860465,0.428571429,0.833333333,0.483462486
0.804911839,0.027240712,0.655456259,0.441860465,0.428571429,0.833333333,0.471742516
0.804911839,0.024471742,0.646993203,0.441860465,0.428571429,0.833333333,0.467227516
0.796725441,0.024471742,0.646993203,0.441860465,0.428571429,0.833333333,0.486657486
0.739798489,0.021847622,0.638482017,0.441860465,0.357142857,0.833333333,0.597247505
0.73186398,0.017037087,0.621325636,0.441860465,0.357142857,0.833333333,0.604954987
0.715239295,0.014852137,0.612685667,0.441860465,0.357142857,0.833333333,0.678357468
0.715239295,0.014852137,0.612685667,0.418604651,0.428571429,0.833333333,0.684059982
0.707430731,0.012814967,0.604008017,0.418604651,0.428571429,0.833333333,0.691742478
0.699118388,0.0109262,0.59529533,0.418604651,0.428571429,0.833333333,0.692137528
0.691183879,0.009186409,0.586550259,0.418604651,0.428571429,0.833333333,0.653822479
0.682997481,0.007596123,0.57777547,0.395348837,0.357142857,0.833333333,0.666467514
0.66675063,0.007596123,0.57777547,0.395348837,0.357142857,0.833333333,0.657052536
0.66675063,0.00615583,0.568973633,0.395348837,0.357142857,0.833333333,0.591245003
0.674811083,0.00615583,0.568973633,0.395348837,0.357142857,0.833333333,0.579085007
0.674811083,0.00615583,0.568973633,0.372093023,0.428571429,0.666666667,0.616167488
0.682997481,0.00615583,0.568973633,0.372093023,0.428571429,0.666666667,0.588605003
0.682997481,0.004865965,0.560147431,0.372093023,0.428571429,0.666666667,0.577877502
0.682997481,0.003726924,0.551299552,0.372093023,0.428571429,0.666666667,0.540654984
0.674811083,0.002739053,0.542432692,0.372093023,0.428571429,0.833333333,0.537652512
0.674811083,0.002739053,0.542432692,0.372093023,0.428571429,0.833333333,0.456834984
0.658438287,0.001902651,0.53354955,0.372093023,0.428571429,0.833333333,0.412077484
0.650377834,0.001217975,0.524652834,0.372093023,0.428571429,0.833333333,0.400074997
0.642443325,0.000685233,0.515745252,0.372093023,0.357142857,0.833333333,0.357702484
0.634130982,0.000304586,0.50682952,0.372093023,0.357142857,0.833333333,0.335719986
0.626070529,0.000304586,0.50682952,0.372093023,0.357142857,0.833333333,0.328634987
0.617758186,0.000304586,0.50682952,0.372093023,0.357142857,0.833333333,0.301337509
0.609823678,0.000304586,0.50682952,0.348837209,0.428571429,0.833333333,0.259537506
0.60163728,0.000685233,0.515745252,0.348837209,0.428571429,0.833333333,0.237802506
0.60163728,0.000685233,0.515745252,0.348837209,0.428571429,0.833333333,0.255559997
0.593450882,0.000685233,0.515745252,0.348837209,0.428571429,0.833333333,0.214860744
0.585264484,0.000304586,0.50682952,0.325581395,0.428571429,0.833333333,0.180188751
0.577455919,0.000304586,0.50682952,0.325581395,0.428571429,0.833333333,0.176475258
0.569143577,0.000304586,0.50682952,0.325581395,0.428571429,0.833333333,0.145675249
0.560831234,0.000304586,0.50682952,0.325581395,0.428571429,0.833333333,0.13973525
0.544710327,7.62E-05,0.497908351,0.325581395,0.5,0.833333333,0.135106497
0.536649874,7.62E-05,0.497908351,0.325581395,0.5,0.833333333,0.105239248
0.520277078,7.62E-05,0.497908351,0.325581395,0.5,0.833333333,0.096650496
0.495843829,0.000304586,0.50682952,0.325581395,0.5,0.833333333,0.074562502
0.479596977,0.000304586,0.50682952,0.348837209,0.5,0.833333333,0.054938502
0.455289673,0.000685233,0.515745252,0.348837209,0.5,0.833333333,0.032076001
0.439042821,0.000685233,0.515745252,0.372093023,0.5,0.833333333,0.035376
0.42279597,0.000685233,0.515745252,0.395348837,0.428571429,0.833333333,0.03017525
0.398236776,0.001217975,0.524652834,0.418604651,0.428571429,0.833333333,0.018304
0.382115869,0.001217975,0.524652834,0.441860465,0.357142857,0.833333333,0.03602725
0.365869018,0.001902651,0.53354955,0.465116279,0.357142857,0.833333333,0.060165501
0.349748111,0.001902651,0.53354955,0.488372093,0.285714286,0.833333333,0.044827251
0.33324937,0.002739053,0.542432692,0.511627907,0.285714286,0.833333333,0.050635252
0.316876574,0.002739053,0.542432692,0.534883721,0.214285714,0.833333333,0.045451999
0.300881612,0.003726924,0.551299552,0.558139535,0.214285714,0.833333333,0.054727249
0.292821159,0.009186409,0.586550259,0.581395349,0.142857143,0.833333333,0.062831998
0.276322418,0.012814967,0.604008017,0.604651163,0.071428571,0.833333333,0.045284748
0.268261965,0.021847622,0.638482017,0.627906977,0,0.833333333,0.05160325
0.260075567,0.033209787,0.672227681,0.651162791,0,0.833333333,0.062400751
0.260075567,0.050602977,0.713135477,0.651162791,0.071428571,0.833333333,0.052958498
0.251889169,0.07141635,0.752337349,0.651162791,0.071428571,0.666666667,0.076700749
0.251889169,0.095491503,0.789534947,0.651162791,0.142857143,0.666666667,0.1015695
0.268261965,0.11142702,0.810772986,0.651162791,0.214285714,0.666666667,0.103048
0.300881612,0.128427588,0.831129024,0.651162791,0.285714286,0.666666667,0.111038504
0.325188917,0.1403301,0.84418206,0.627906977,0.357142857,0.666666667,0.145129499
0.357808564,0.152670815,0.856802342,0.627906977,0.428571429,0.666666667,0.142419252
0.390302267,0.152670815,0.856802342,0.627906977,0.571428571,0.666666667,0.13244875
0.430982368,0.1403301,0.84418206,0.627906977,0.642857143,0.666666667,0.126024752
0.463350126,0.134323149,0.837708655,0.627906977,0.714285714,0.5,0.133900747
0.504156171,0.12264521,0.824445174,0.627906977,0.785714286,0.5,0.132739248
0.536649874,0.12264521,0.824445174,0.627906977,0.785714286,0.5,0.141662502
0.569143577,0.116977779,0.817659139,0.627906977,0.785714286,0.5,0.156983252
0.60163728,0.11142702,0.810772986,0.604651163,0.857142857,0.333333333,0.163108006
0.634130982,0.105994623,0.803788813,0.604651163,0.857142857,0.333333333,0.171309509
0.66675063,0.100682245,0.796708748,0.604651163,0.857142857,0.333333333,0.183136749
0.691183879,0.100682245,0.796708748,0.604651163,0.857142857,0.333333333,0.194233494
0.715239295,0.090423978,0.782269595,0.604651163,0.857142857,0.333333333,0.197779999
0.739798489,0.090423978,0.782269595,0.604651163,0.857142857,0.333333333,0.232390499
0.772544081,0.085481214,0.774914906,0.604651163,0.857142857,0.333333333,0.217456741
0.796725441,0.080664716,0.76747312,0.604651163,0.857142857,0.333333333,0.240292759
0.829219143,0.07141635,0.752337349,0.581395349,0.928571429,0.333333333,0.254944992
0.853652393,0.066987298,0.744647975,0.581395349,0.928571429,0.333333333,0.255189991
0.88627204,0.058526204,0.72903796,0.581395349,0.928571429,0.333333333,0.270750008
0.918639799,0.054496738,0.721122075,0.581395349,0.928571429,0.333333333,0.295529995
0.951385391,0.046846106,0.705080601,0.558139535,1,0.333333333,0.334469986
0.975692696,0.043227271,0.696959901,0.558139535,1,0.333333333,0.347714996
0.991939547,0.036408073,0.680530938,0.558139535,1,0.333333333,0.336785011
0.991939547,0.033209787,0.672227681,0.558139535,1,0.333333333,0.319282494
1,0.03015369,0.663868605,0.558139535,1,0.333333333,0.333272514
1,0.024471742,0.646993203,0.558139535,1,0.333333333,0.355062485
0.991939547,0.024471742,0.646993203,0.558139535,1,0.333333333,0.326365013
0.967632242,0.021847622,0.638482017,0.558139535,1,0.333333333,0.362497482
0.935012594,0.019369152,0.629925292,0.558139535,0.928571429,0.5,0.399052506
0.91070529,0.017037087,0.621325636,0.558139535,0.928571429,0.5,0.403787499
0.88627204,0.017037087,0.621325636,0.558139535,0.928571429,0.5,0.396694985
0.853652393,0.014852137,0.612685667,0.558139535,0.857142857,0.5,0.386054993
0.837531486,0.012814967,0.604008017,0.581395349,0.857142857,0.5,0.399432488
0.804911839,0.009186409,0.586550259,0.581395349,0.785714286,0.5,0.370620003
0.788539043,0.009186409,0.586550259,0.581395349,0.785714286,0.5,0.34220501
0.764231738,0.009186409,0.586550259,0.581395349,0.714285714,0.5,0.357042503
0.747984886,0.009186409,0.586550259,0.558139535,0.714285714,0.5,0.384814987
0.723425693,0.009186409,0.586550259,0.558139535,0.642857143,0.5,0.394847489
0.707430731,0.009186409,0.586550259,0.558139535,0.642857143,0.5,0.387015
0.674811083,0.007596123,0.57777547,0.558139535,0.642857143,0.5,0.367355003
0.650377834,0.004865965,0.560147431,0.534883721,0.571428571,0.5,0.328644982
0.66675063,0.009186409,0.586550259,0.534883721,0.571428571,0.5,0.336792488
0.650377834,0.00615583,0.568973633,0.534883721,0.571428571,0.5,0.337630005
0.650377834,0.004865965,0.560147431,0.534883721,0.571428571,0.5,0.362807503
0.642443325,0.002739053,0.542432692,0.511627907,0.5,0.5,0.357545014
0.634130982,0.001217975,0.524652834,0.511627907,0.5,0.5,0.327887497
0.634130982,0.000685233,0.515745252,0.511627907,0.5,0.5,0.342857514
0.634130982,7.62E-05,0.497908351,0.511627907,0.5,0.5,0.298215008
0.634130982,0,0.488984464,0.488372093,0.5,0.5,0.324070015
0.634130982,7.62E-05,0.480060577,0.488372093,0.5,0.5,0.361452484
0.634130982,0.000304586,0.471139408,0.488372093,0.5,0.5,0.380519982
0.634130982,0.001217975,0.453316094,0.488372093,0.5,0.5,0.404580002
0.626070529,0.001902651,0.444419377,0.488372093,0.428571429,0.5,0.352537499
0.634130982,0.003726924,0.426669375,0.488372093,0.428571429,0.5,0.332314987
0.626070529,0.00615583,0.408995295,0.488372093,0.428571429,0.5,0.255737496
0.617758186,0.00615583,0.408995295,0.488372093,0.428571429,0.5,0.19587925
0.60163728,0.007596123,0.400193458,0.465116279,0.357142857,0.5,0.222349491
0.60163728,0.009186409,0.391418668,0.465116279,0.357142857,0.5,0.213980751
0.585264484,0.009186409,0.391418668,0.465116279,0.357142857,0.5,0.182485504
0.569143577,0.009186409,0.391418668,0.441860465,0.357142857,0.5,0.162377491
0.544710327,0.0109262,0.382673598,0.441860465,0.428571429,0.5,0.142164001
0.528463476,0.012814967,0.373960911,0.418604651,0.428571429,0.5,0.106840754
0.512342569,0.012814967,0.373960911,0.418604651,0.428571429,0.5,0.105265503
0.495843829,0.012814967,0.373960911,0.418604651,0.428571429,0.5,0.101112003
0.487783375,0.012814967,0.373960911,0.418604651,0.357142857,0.5,0.094573498
0.471536524,0.014852137,0.365283261,0.418604651,0.357142857,0.5,0.102695999
0.463350126,0.014852137,0.365283261,0.418604651,0.357142857,0.5,0.105133495
0.455289673,0.014852137,0.365283261,0.418604651,0.357142857,0.5,0.110387249
0.447103275,0.014852137,0.365283261,0.395348837,0.357142857,0.5,0.092479248
0.439042821,0.014852137,0.365283261,0.395348837,0.357142857,0.5,0.099862499
0.430982368,0.014852137,0.365283261,0.395348837,0.357142857,0.5,0.099246502
0.414609572,0.014852137,0.365283261,0.395348837,0.357142857,0.5,0.099959249
0.406423174,0.014852137,0.365283261,0.395348837,0.357142857,0.5,0.064574499
0.390302267,0.012814967,0.373960911,0.395348837,0.357142857,0.5,0.060420752
0.373929471,0.012814967,0.373960911,0.395348837,0.357142857,0.5,0.0245784
0.349748111,0.0109262,0.382673598,0.395348837,0.357142857,0.5,0.0137896
0.33324937,0.009186409,0.391418668,0.418604651,0.357142857,0.666666667,0.0297
0.316876574,0.007596123,0.400193458,0.418604651,0.357142857,0.666666667,0.038359251
0.308942066,0.004865965,0.417821496,0.418604651,0.357142857,0.666666667,0.021164
0.292821159,0.002739053,0.435536236,0.441860465,0.357142857,0.666666667,0.0042504
0.284634761,0.000685233,0.462223675,0.465116279,0.357142857,0.666666667,0
0.276322418,7.62E-05,0.480060577,0.488372093,0.357142857,0.666666667,0
0.268261965,0,0.488984464,0.511627907,0.357142857,0.666666667,0
0.260075567,7.62E-05,0.497908351,0.534883721,0.357142857,0.666666667,0
0.251889169,0.000304586,0.50682952,0.558139535,0.357142857,0.5,0
0.243828715,0.001217975,0.524652834,0.581395349,0.357142857,0.5,0
0.235768262,0.001902651,0.53354955,0.581395349,0.357142857,0.5,0
0.227707809,0.001217975,0.524652834,0.604651163,0.357142857,0.5,0
0.227707809,0.001217975,0.524652834,0.627906977,0.357142857,0.5,0
0.219521411,0.000685233,0.515745252,0.651162791,0.357142857,0.5,0
0.219521411,0.000685233,0.515745252,0.651162791,0.357142857,0.5,0
0.211335013,0.001217975,0.524652834,0.674418605,0.357142857,0.5,0
0.211335013,0.001902651,0.53354955,0.697674419,0.357142857,0.333333333,0
0.203274559,0.003726924,0.551299552,0.720930233,0.357142857,0.333333333,0
0.211335013,0.00615583,0.568973633,0.720930233,0.357142857,0.333333333,0
0.211335013,0.012814967,0.604008017,0.744186047,0.357142857,0.333333333,0
0.227707809,0.021847622,0.638482017,0.744186047,0.428571429,0.333333333,0
0.235768262,0.03015369,0.663868605,0.76744186,0.428571429,0.333333333,0
0.243828715,0.039747574,0.688775848,0.76744186,0.428571429,0.333333333,0
0.251889169,0.050602977,0.713135477,0.76744186,0.5,0.333333333,0
0.268261965,0.058526204,0.72903796,0.790697674,0.571428571,0.166666667,0.0029304
0.276322418,0.07141635,0.752337349,0.790697674,0.642857143,0.166666667,0.036475999
0.292821159,0.075975952,0.759946503,0.790697674,0.642857143,0.166666667,0.053979249
0.308942066,0.080664716,0.76747312,0.790697674,0.714285714,0.166666667,0.050899248
0.325188917,0.085481214,0.774914906,0.76744186,0.714285714,0.166666667,0.040638499
0.341435768,0.090423978,0.782269595,0.76744186,0.785714286,0.166666667,0.04148325
0.357808564,0.095491503,0.789534947,0.76744186,0.785714286,0.166666667,0.045187998
0.365869018,0.100682245,0.796708748,0.76744186,0.785714286,0.166666667,0.0443255
0.373929471,0.105994623,0.803788813,0.76744186,0.857142857,0,0.0194216
0.390302267,0.105994623,0.803788813,0.76744186,0.857142857,0,0.053108001
0.406423174,0.11142702,0.810772986,0.76744186,0.857142857,0,0.054595251
0.42279597,0.11142702,0.810772986,0.744186047,0.928571429,0,0.097019997
0.447103275,0.11142702,0.810772986,0.744186047,0.928571429,0.166666667,0.093887253
0.463350126,0.105994623,0.803788813,0.720930233,1,0.166666667,0.074236751
0.487783375,0.105994623,0.803788813,0.720930233,1,0.166666667,0.054102502
0.504156171,0.095491503,0.789534947,0.720930233,0.928571429,0.166666667,0.045381498
0.536649874,0.090423978,0.782269595,0.720930233,0.857142857,0.166666667,0.084277496
0.552896725,0.085481214,0.774914906,0.720930233,0.785714286,0.166666667,0.124810495
0.585264484,0.075975952,0.759946503,0.720930233,0.785714286,0.166666667,0.113185501
0.609823678,0.075975952,0.759946503,0.720930233,0.785714286,0.166666667,0.144055996
0.634130982,0.066987298,0.744647975,0.697674419,0.785714286,0.166666667,0.167507992
0.658438287,0.066987298,0.744647975,0.697674419,0.785714286,0.166666667,0.147294502
0.674811083,0.062690146,0.736880723,0.697674419,0.785714286,0.166666667,0.108407249
0.691183879,0.054496738,0.721122075,0.674418605,0.857142857,0.166666667,0.079974499
0.691183879,0.046846106,0.705080601,0.674418605,0.857142857,0.333333333,0.080238504
0.707430731,0.039747574,0.688775848,0.651162791,0.928571429,0.333333333,0.084999247
0.707430731,0.033209787,0.672227681,0.651162791,0.928571429,0.333333333,0.031944001
0.699118388,0.027240712,0.655456259,0.651162791,0.857142857,0.333333333,0.0029656
0.674811083,0.021847622,0.638482017,0.674418605,0.857142857,0.333333333,0
0.66675063,0.017037087,0.621325636,0.674418605,0.785714286,0.333333333,0.012364
0.650377834,0.0109262,0.59529533,0.674418605,0.785714286,0.333333333,0.040040002
0.634130982,0.007596123,0.57777547,0.674418605,0.785714286,0.333333333,0.076146498
0.60163728,0.004865965,0.560147431,0.674418605,0.785714286,0.333333333,0.071403251
0.577455919,0.002739053,0.542432692,0.674418605,0.785714286,0.333333333,0.07489675
0.552896725,0.001217975,0.524652834,0.674418605,0.785714286,0.333333333,0.08521925
0.520277078,0.000304586,0.50682952,0.674418605,0.714285714,0.333333333,0.101314497
0.487783375,7.62E-05,0.497908351,0.697674419,0.714285714,0.333333333,0.069625502
0.479596977,0.000685233,0.515745252,0.720930233,0.571428571,0.333333333,0.052571249
0.471536524,0.000304586,0.50682952,0.720930233,0.571428571,0.333333333,0.048567252
0.471536524,7.62E-05,0.497908351,0.697674419,0.571428571,0.333333333,0.0472825
0.463350126,0,0.488984464,0.697674419,0.642857143,0.333333333,0.043595252
0.463350126,7.62E-05,0.480060577,0.674418605,0.642857143,0.333333333,0.0592415
0.455289673,0.000304586,0.471139408,0.674418605,0.642857143,0.333333333,0.107298498
0.430982368,0.001902651,0.444419377,0.674418605,0.571428571,0.333333333,0.133883247
0.414609572,0.004865965,0.417821496,0.674418605,0.571428571,0.333333333,0.132220001
0.390302267,0.009186409,0.391418668,0.674418605,0.5,0.333333333,0.170209503
0.373929471,0.012814967,0.373960911,0.674418605,0.5,0.333333333,0.160124741
0.349748111,0.017037087,0.356643292,0.674418605,0.5,0.333333333,0.162984753
0.33324937,0.027240712,0.322512669,0.674418605,0.5,0.333333333,0.184896755
0.316876574,0.036408073,0.29743799,0.674418605,0.5,0.333333333,0.160503254
0.300881612,0.046846106,0.272888326,0.674418605,0.5,0.333333333,0.13806325
0.284634761,0.058526204,0.248930967,0.674418605,0.5,0.333333333,0.100865498
0.268261965,0.07141635,0.225631578,0.651162791,0.428571429,0.333333333,0.093359251
0.251889169,0.085481214,0.203054022,0.651162791,0.428571429,0.333333333,0.080097504
0.243828715,0.105994623,0.174180115,0.651162791,0.428571429,0.333333333,0.066211252
0.235768262,0.12264521,0.153523754,0.651162791,0.428571429,0.333333333,0.0430585
0.243828715,0.134323149,0.140260273,0.627906977,0.428571429,0.333333333,0.042486501
0.235768262,0.152670815,0.121166585,0.627906977,0.428571429,0.333333333,0.046314502
0.227707809,0.171970486,0.103081061,0.627906977,0.428571429,0.333333333,0.039978499
0.211335013,0.192169263,0.086053271,0.627906977,0.428571429,0.333333333,0.0303425
0.195088161,0.206107374,0.075312213,0.627906977,0.357142857,0.333333333,0.042926502
0.178715365,0.235040368,0.055354556,0.627906977,0.357142857,0.333333333,0.0196328
0.170654912,0.25,0.046162272,0.627906977,0.357142857,0.333333333,0.012531199
0.170654912,0.25759519,0.041767773,0.627906977,0.428571429,0.333333333,0
0.162594458,0.280814427,0.02940678,0.604651163,0.428571429,0.333333333,0
0.154534005,0.296631679,0.021863985,0.604651163,0.5,0.333333333,0
0.146221662,0.312696704,0.014890304,0.604651163,0.5,0.333333333,0
0.1302267,0.320816025,0.011619564,0.604651163,0.5,0.333333333,0
0.11372796,0.337215923,0.005515265,0.627906977,0.5,0.5,0
0.097481108,0.345491503,0.002683567,0.627906977,0.5,0.5,0
0.081234257,0.353814148,0,0.627906977,0.5,0.5,0
0.073047859,0.345491503,0.002683567,0.627906977,0.571428571,0.5,0
0.06511335,0.320816025,0.011619564,0.627906977,0.571428571,0.5,0
0.056801008,0.312696704,0.014890304,0.627906977,0.642857143,0.5,0
0.056801008,0.312696704,0.014890304,0.627906977,0.642857143,0.5,0
0.06511335,0.304634436,0.018305458,0.627906977,0.642857143,0.5,0
0.073047859,0.304634436,0.018305458,0.651162791,0.642857143,0.5,0
0.081234257,0.296631679,0.021863985,0.651162791,0.642857143,0.5,0
0.073047859,0.288690869,0.025564801,0.651162791,0.642857143,0.5,0
0.06511335,0.304634436,0.018305458,0.674418605,0.571428571,0.5,0
0.056801008,0.312696704,0.014890304,0.697674419,0.571428571,0.5,0
0.040428212,0.320816025,0.011619564,0.720930233,0.5,0.5,0
0.032367758,0.304634436,0.018305458,0.720930233,0.5,0.5,0
0.024433249,0.296631679,0.021863985,0.744186047,0.428571429,0.5,0
0.016120907,0.288690869,0.025564801,0.76744186,0.428571429,0.333333333,0
0.008060453,0.27300475,0.033388751,0.790697674,0.357142857,0.333333333,0
0,0.227680483,0.060149539,0.813953488,0.357142857,0.333333333,0
0.008060453,0.15900082,0.115023553,0.837209302,0.285714286,0.333333333,0
0.016120907,0.11142702,0.167195942,0.860465116,0.285714286,0.333333333,0
0.032367758,0.07141635,0.225631578,0.88372093,0.214285714,0.333333333,0
0.040428212,0.054496738,0.256846853,0.88372093,0.214285714,0.333333333,0
0.056801008,0.036408073,0.29743799,0.88372093,0.214285714,0.333333333,0
0.081234257,0.03015369,0.314100322,0.906976744,0.285714286,0.166666667,0
0.089546599,0.021847622,0.33948691,0.906976744,0.285714286,0.166666667,0
0.105415617,0.0109262,0.382673598,0.906976744,0.285714286,0.166666667,0
0.105415617,0.001217975,0.453316094,0.930232558,0.285714286,0.166666667,0
0.11372796,0,0.488984464,0.930232558,0.285714286,0.166666667,0
0.121788413,0.003726924,0.551299552,0.953488372,0.285714286,0.166666667,0
0.138161209,0.0109262,0.59529533,0.953488372,0.285714286,0.166666667,0
0.146221662,0.017037087,0.621325636,0.953488372,0.285714286,0.166666667,0
0.162594458,0.019369152,0.629925292,0.976744186,0.285714286,0,0.250939999
0.178715365,0.024471742,0.646993203,0.976744186,0.285714286,0,0.915130005
0.186901763,0.027240712,0.655456259,0.976744186,0.285714286,0,0.937789993
0.186901763,0.027240712,0.655456259,0.976744186,0.285714286,0,0.728182526
0.195088161,0.024471742,0.646993203,1,0.214285714,0,0.747542496
0.195088161,0.024471742,0.646993203,1,0.214285714,0,0.173887997
0.203274559,0.027240712,0.655456259,1,0.214285714,0,0.0154616
0.219521411,0.039747574,0.688775848,1,0.285714286,0,0
0.243828715,0.046846106,0.705080601,0.976744186,0.285714286,0.166666667,0
0.268261965,0.058526204,0.72903796,0.976744186,0.357142857,0.166666667,0
0.284634761,0.050602977,0.713135477,0.976744186,0.357142857,0.166666667,0
0.308942066,0.043227271,0.696959901,0.976744186,0.357142857,0.166666667,0.021252
0.325188917,0.036408073,0.680530938,0.953488372,0.285714286,0.166666667,0
0.341435768,0.03015369,0.663868605,0.953488372,0.285714286,0.166666667,0.0027544
0.365869018,0.024471742,0.646993203,0.953488372,0.285714286,0.166666667,0
0.382115869,0.021847622,0.638482017,0.930232558,0.285714286,0.166666667,0
0.398236776,0.019369152,0.629925292,0.930232558,0.357142857,0.333333333,0
0.414609572,0.017037087,0.621325636,0.906976744,0.357142857,0.333333333,0
0.42279597,0.014852137,0.612685667,0.906976744,0.357142857,0.333333333,0
0.414609572,0.0109262,0.59529533,0.88372093,0.428571429,0.333333333,0.0051304
0.42279597,0.007596123,0.57777547,0.860465116,0.5,0.333333333,0.073920002
0.42279597,0.004865965,0.560147431,0.837209302,0.571428571,0.333333333,0.098938503
0.414609572,0.003726924,0.551299552,0.837209302,0.571428571,0.333333333,0.153331251
0.406423174,0.002739053,0.542432692,0.837209302,0.571428571,0.333333333,0.148984003
0.406423174,0.001902651,0.53354955,0.813953488,0.571428571,0.333333333,0.145534496
0.398236776,0.001217975,0.524652834,0.813953488,0.571428571,0.333333333,0.140773497
0.398236776,0.001217975,0.524652834,0.813953488,0.571428571,0.333333333,0.137473497
0.406423174,0.001217975,0.524652834,0.813953488,0.642857143,0.333333333,0.189851246
0.406423174,0.001217975,0.524652834,0.790697674,0.642857143,0.333333333,0.191514492
0.414609572,0.001217975,0.524652834,0.790697674,0.714285714,0.333333333,0.194163246
0.414609572,0.001217975,0.524652834,0.790697674,0.714285714,0.333333333,0.210601501
0.42279597,0.001217975,0.524652834,0.790697674,0.714285714,0.333333333,0.150031252
0.430982368,0.001217975,0.524652834,0.790697674,0.785714286,0.333333333,0.133627996
0.471536524,0.007596123,0.57777547,0.627906977,0.571428571,0.333333333,0.140623999
0.471536524,0.004865965,0.560147431,0.627906977,0.571428571,0.333333333,0.127265501
0.463350126,0.001902651,0.53354955,0.627906977,0.571428571,0.333333333,0.181940002
0.471536524,7.62E-05,0.497908351,0.604651163,0.642857143,0.333333333,0.264069996
0.471536524,0.000304586,0.471139408,0.604651163,0.642857143,0.333333333,0.199997501
0.471536524,0.001217975,0.453316094,0.604651163,0.642857143,0.333333333,0.159631996
0.463350126,0.001902651,0.444419377,0.604651163,0.642857143,0.333333333,0.10644475
0.471536524,0.003726924,0.426669375,0.581395349,0.642857143,0.333333333,0.089654503
0.463350126,0.00615583,0.408995295,0.581395349,0.642857143,0.333333333,0.111346502
0.455289673,0.007596123,0.400193458,0.581395349,0.642857143,0.333333333,0.11572875
0.447103275,0.009186409,0.391418668,0.581395349,0.642857143,0.333333333,0.082262497
0.439042821,0.0109262,0.382673598,0.558139535,0.714285714,0.166666667,0.065885501
0.430982368,0.012814967,0.373960911,0.558139535,0.714285714,0.166666667,0.053838501
0.414609572,0.014852137,0.365283261,0.558139535,0.714285714,0.166666667,0.084066496
0.406423174,0.017037087,0.356643292,0.558139535,0.714285714,0.166666667,0.134833498
0.398236776,0.019369152,0.348043635,0.534883721,0.785714286,0.166666667,0.141530504
0.398236776,0.021847622,0.33948691,0.534883721,0.785714286,0.166666667,0.184377499
0.390302267,0.021847622,0.33948691,0.534883721,0.785714286,0.166666667,0.164647999
0.390302267,0.024471742,0.330975724,0.534883721,0.785714286,0.166666667,0.173949509
0.390302267,0.024471742,0.330975724,0.511627907,0.785714286,0.333333333,0.139524002
0.390302267,0.027240712,0.322512669,0.511627907,0.785714286,0.333333333,0.138371248
0.390302267,0.027240712,0.322512669,0.511627907,0.785714286,0.333333333,0.104262505
0.390302267,0.027240712,0.322512669,0.511627907,0.785714286,0.333333333,0.0944065
0.390302267,0.024471742,0.330975724,0.488372093,0.785714286,0.333333333,0.069141502
0.390302267,0.024471742,0.330975724,0.488372093,0.785714286,0.333333333,0.051796751
0.390302267,0.024471742,0.330975724,0.488372093,0.785714286,0.333333333,0.0438065
0.390302267,0.021847622,0.33948691,0.488372093,0.785714286,0.333333333,0.084814501
0.382115869,0.019369152,0.348043635,0.488372093,0.714285714,0.333333333,0.123507996
0.373929471,0.019369152,0.348043635,0.488372093,0.714285714,0.333333333,0.193855248
0.373929471,0.017037087,0.356643292,0.488372093,0.714285714,0.333333333,0.262662506
0.382115869,0.014852137,0.365283261,0.488372093,0.714285714,0.333333333,0.237239246
0.373929471,0.0109262,0.382673598,0.511627907,0.642857143,0.5,0.255147495
0.382115869,0.009186409,0.391418668,0.511627907,0.642857143,0.5,0.308342495
0.373929471,0.00615583,0.408995295,0.511627907,0.642857143,0.5,0.353795014
0.365869018,0.003726924,0.426669375,0.511627907,0.642857143,0.5,0.318762493
0.349748111,0.001902651,0.444419377,0.534883721,0.642857143,0.5,0.280685005
0.341435768,0.000685233,0.462223675,0.534883721,0.642857143,0.5,0.277374992
0.341435768,0,0.488984464,0.534883721,0.642857143,0.5,0.219929504
0.349748111,0.000685233,0.515745252,0.558139535,0.714285714,0.5,0.169927998
0.365869018,0.003726924,0.551299552,0.558139535,0.714285714,0.5,0.136338501
0.373929471,0.009186409,0.586550259,0.581395349,0.785714286,0.5,0.141090498
0.390302267,0.012814967,0.604008017,0.581395349,0.785714286,0.5,0.156815996
0.398236776,0.014852137,0.612685667,0.604651163,0.785714286,0.5,0.138327246
0.406423174,0.017037087,0.621325636,0.604651163,0.785714286,0.333333333,0.144364004
0.42279597,0.019369152,0.629925292,0.627906977,0.785714286,0.333333333,0.161550503
0.42279597,0.021847622,0.638482017,0.627906977,0.785714286,0.333333333,0.172215996
0.42279597,0.021847622,0.638482017,0.651162791,0.785714286,0.333333333,0.144865503
0.414609572,0.021847622,0.638482017,0.674418605,0.714285714,0.333333333,0.146713495
0.414609572,0.021847622,0.638482017,0.697674419,0.714285714,0.333333333,0.183427258
0.414609572,0.024471742,0.646993203,0.697674419,0.714285714,0.333333333,0.218635998
0.430982368,0.027240712,0.655456259,0.720930233,0.714285714,0.333333333,0.240935249
0.447103275,0.03015369,0.663868605,0.720930233,0.714285714,0.333333333,0.218908749
0.455289673,0.036408073,0.680530938,0.744186047,0.714285714,0.333333333,0.165862503
0.471536524,0.039747574,0.688775848,0.744186047,0.714285714,0.333333333,0.146405497
0.495843829,0.046846106,0.705080601,0.744186047,0.785714286,0.333333333,0.120780001
0.512342569,0.054496738,0.721122075,0.744186047,0.785714286,0.166666667,0.113581495
0.544710327,0.058526204,0.72903796,0.744186047,0.857142857,0.166666667,0.092136002
0.560831234,0.058526204,0.72903796,0.744186047,0.857142857,0.166666667,0.096025496
0.593450882,0.062690146,0.736880723,0.744186047,0.857142857,0.166666667,0.113563995
0.626070529,0.062690146,0.736880723,0.76744186,0.857142857,0.166666667,0.086838503
0.650377834,0.062690146,0.736880723,0.76744186,0.857142857,0.166666667,0.115658503
0.66675063,0.062690146,0.736880723,0.76744186,0.857142857,0.166666667,0.116054497
0.682997481,0.058526204,0.72903796,0.76744186,0.785714286,0.166666667,0.122231998
0.691183879,0.058526204,0.72903796,0.790697674,0.785714286,0,0.135819254
0.699118388,0.054496738,0.721122075,0.790697674,0.714285714,0,0.136681499
0.715239295,0.046846106,0.705080601,0.790697674,0.714285714,0,0.177575245
0.73186398,0.043227271,0.696959901,0.790697674,0.714285714,0,0.194347992
0.756171285,0.036408073,0.680530938,0.790697674,0.785714286,0,0.156745501
0.772544081,0.03015369,0.663868605,0.790697674,0.785714286,0,0.185680008
0.788539043,0.027240712,0.655456259,0.790697674,0.785714286,0,0.249699993
0.796725441,0.024471742,0.646993203,0.76744186,0.857142857,0,0.314335003
0.796725441,0.024471742,0.646993203,0.76744186,0.857142857,0,0.265655003
0.804911839,0.021847622,0.638482017,0.744186047,0.928571429,0,0.261552506
0.82115869,0.021847622,0.638482017,0.744186047,0.928571429,0,0.291324997
0.853652393,0.021847622,0.638482017,0.744186047,0.928571429,0,0.335297508
0.88627204,0.021847622,0.638482017,0.720930233,0.928571429,0.166666667,0.453762512
0.918639799,0.019369152,0.629925292,0.720930233,0.928571429,0.166666667,0.568532486
0.935012594,0.019369152,0.629925292,0.720930233,0.928571429,0.166666667,0.604235
0.918639799,0.017037087,0.621325636,0.720930233,0.928571429,0.166666667,0.555175018
0.918639799,0.014852137,0.612685667,0.744186047,0.857142857,0.166666667,0.563147507
0.902518892,0.012814967,0.604008017,0.744186047,0.857142857,0.166666667,0.578055
0.894332494,0.0109262,0.59529533,0.744186047,0.857142857,0.166666667,0.629269982
0.878085643,0.0109262,0.59529533,0.76744186,0.785714286,0.166666667,0.690597534
0.861712846,0.009186409,0.586550259,0.76744186,0.785714286,0.166666667,0.672770004
0.84559194,0.009186409,0.586550259,0.790697674,0.714285714,0.166666667,0.685855026
0.837531486,0.009186409,0.586550259,0.790697674,0.714285714,0.166666667,0.61862999
0.829219143,0.007596123,0.57777547,0.790697674,0.714285714,0.166666667,0.574077492
0.82115869,0.007596123,0.57777547,0.790697674,0.642857143,0.333333333,0.539747505
0.813098237,0.00615583,0.568973633,0.790697674,0.642857143,0.333333333,0.482970009
0.796725441,0.00615583,0.568973633,0.790697674,0.642857143,0.333333333,0.473272514
0.772544081,0.004865965,0.560147431,0.76744186,0.642857143,0.333333333,0.484290009
0.756171285,0.003726924,0.551299552,0.76744186,0.642857143,0.333333333,0.484052506
0.73186398,0.002739053,0.542432692,0.744186047,0.642857143,0.333333333,0.502382507
0.707430731,0.001902651,0.53354955,0.744186047,0.642857143,0.333333333,0.511947518
0.699118388,0.001902651,0.53354955,0.744186047,0.571428571,0.333333333,0.489032516
0.682997481,0.001217975,0.524652834,0.720930233,0.571428571,0.333333333,0.458084984
